217c0fc3-f188-4693-96cc-c7283778f5a8,2015-07-18-16-29-10-055_1.jpg7b503aa4-5741-4958-a2f0-a6793dcb3d53,2015-07-18-16-29-21-340_1.jpg4b6beeeb-a4d9-4aac-8320-281cea3dc38c,2015-07-18-16-29-39-139_1.jpgc3e33fae-fbfa-4a81-bcc5-c57a2a93c1f3,2015-07-18-16-29-43-708_1.jpgaa6fc34b-e7c2-4f83-82cd-b239bacecc5b,2015-07-18-16-29-56-267_1.jpg24831769-2086-4efa-9250-771620cf00dd,2015-07-18-16-29-58-360_1.jpg720e584a-0541-4926-b3e7-fb878ab9cb51,2015-07-18-16-29-58-360_1.jpgc620dc0e-1c79-4dea-b4b5-73de047b2247,2015-07-18-16-30-02-719_1.jpg170cc259-759f-4b96-848d-405bb3374449,2015-07-18-16-30-07-964_1.jpgb42672fb-c204-41f0-962a-54c58da119a9,2015-07-18-16-30-07-964_1.jpg456aa575-9252-4231-b3ae-340c89e621b2,2015-07-18-16-30-09-958_1.jpg341984e2-6bbc-49df-bda6-2b7f3aeeeaaa,2015-07-18-16-30-15-236_1.jpga0788b68-32b9-44a8-95b9-6614ebf78911,2015-07-18-16-30-19-102_1.jpga394ce74-9ffb-4fe8-84f4-e06339823961,2015-07-18-16-30-33-598_1.jpg49e5cbdd-ff85-437c-b9c4-cb5df27b0e35,2015-07-18-16-30-36-603_1.jpg280345b6-be08-4d03-808c-6e4d3fb9c84b,2015-07-18-16-31-21-656_1.jpgebbfce26-d63c-4865-9524-2c3972c27fd2,2015-07-18-16-31-21-656_1.jpg2bc38617-04c7-4b73-94c6-c37a5894c7e5,2015-07-18-16-33-50-548_1.jpg9b05c98e-bcda-4305-8ed6-18c34156d35f,2015-07-18-16-42-32-278_1.jpgec8b3664-0fe2-4840-a010-8be255340c02,2015-07-18-16-42-51-751_1.jpg5a5ba7d8-13f8-4e0a-b661-6f4ef0a2f972,2015-07-18-16-42-55-910_1.jpgeb6a24f5-63bf-4232-9ffb-14895c525728,2015-07-18-16-44-56-811_1.jpgb58a9157-6d3a-4d99-be70-10ee34d893d5,2015-07-18-16-48-13-820_1.jpg59bb7dcd-36bd-405c-8be4-c004ce645d6b,2015-07-18-16-50-24-411_1.jpga755d869-7ea7-4b6a-8fa4-d8c0b4d54fb2,2015-07-18-16-50-24-411_1.jpgc8968fcb-8a85-48b8-a846-e8472f3632bd,2015-07-18-16-50-29-436_1.jpgd55dbf13-9b19-4aea-bfe0-098b2d202855,2015-07-18-16-50-29-436_1.jpg3e88e258-430f-4df1-aa25-fd60c91f98ad,2015-07-18-16-50-33-038_1.jpg22dc1e88-8583-4467-82dd-0811fabf605d,2015-07-18-16-50-33-038_1.jpg1c1ad1d4-3951-48ab-b1db-20d3f7751d6b,2015-07-18-16-50-37-139_1.jpg32c1a7a6-455a-4d0e-ade4-7b33559ae36d,2015-07-18-16-51-31-608_1.jpg220f2a21-ecee-4365-a671-d4f8e3d51271,2015-07-18-16-55-54-825_1.jpga0faa992-6c76-4dbd-a64a-6af8448a7312,2015-07-18-17-01-52-452_1.jpg8fe19511-ec66-45f1-b7a0-b4af570986d5,2015-07-18-17-02-44-399_1.jpg51903286-e3d6-4b67-9cfa-df4325272917,2015-07-18-17-05-49-636_1.jpg4ab6bbf0-2d1d-4db1-a2be-cb8516b576ad,2015-07-18-17-05-52-117_1.jpgc64826b6-d844-4762-9a9f-381e695ade3b,2015-07-18-17-05-54-451_1.jpgf5407684-ae2c-4ff3-ab2f-0b89e5df8c6c,2015-07-18-17-08-11-554_1.jpg7840ccf4-743e-4ed4-9af2-1657ba2a02ef,2015-07-18-17-08-34-376_1.jpg1a773c51-2b54-4a08-90d0-17caca4c0811,2015-07-18-17-08-48-632_1.jpg2cfda9fc-931e-4af6-b30a-267e10345336,2015-07-18-17-08-58-506_1.jpg8aaaefb8-41d7-4872-be72-10b634225316,2015-07-18-17-09-29-152_1.jpg54d043cb-09b2-4a79-a44b-3aa69fb249d1,2015-07-18-17-09-31-305_1.jpg4b3c4cae-596d-4d03-84df-9e7a57964a56,2015-07-18-17-09-35-976_1.jpgf2531275-f7e3-4ef3-9343-f4652d102b71,2015-07-18-17-10-44-715_1.jpgb1d0b452-c350-4f29-a6bb-56c2bceab5d0,2015-07-18-17-13-33-726_1.jpgeb55bd88-75f1-4dd8-80c1-ec4cf4c91551,2015-07-18-17-13-40-718_1.jpg1886ede5-7948-4a89-b202-d89f91468f95,2015-07-18-17-13-54-446_1.jpg881f57d2-7d06-4155-b484-823e5fd5426f,2015-07-18-17-13-59-759_1.jpg3669dc4a-e359-404f-8251-3e554b59026b,2015-07-18-17-16-21-081_1.jpg03d1c708-9e2e-43e3-b6ce-5de71e0190c7,2015-07-18-17-16-35-483_1.jpg
47703c7a-c2fc-47b3-b545-c181b72b6e57,2015-07-18-17-17-36-160_1.jpg
b38bbb50-82ae-49d4-a6f2-081cc36d199d,2015-07-18-17-19-58-849_1.jpg
1490a46a-27ad-446e-97fe-01613dc2bb32,2015-07-18-17-20-07-157_1.jpg
ea5c967c-83d1-4501-9e01-f495b587b8f1,2015-07-18-17-20-34-793_1.jpg
39f4bd6a-0615-4a2d-aded-d82be4b97fe5,2015-07-18-17-22-09-249_1.jpg
e94105b9-7667-40ac-8d7f-5d6a434ef937,2015-07-18-17-22-11-801_1.jpg
8d0254a3-8ca1-4701-ba3e-863dca4c5484,2015-07-18-17-23-24-418_1.jpg
c24ba52a-36bf-4b64-80ee-7d87df3ca21a,2015-07-18-17-27-53-639_1.jpg
281347d5-115e-4690-bc03-e4cd7530b42f,2015-07-18-17-28-00-765_1.jpg
723f9e5c-e694-469e-b2f0-49eecd6eaf03,2015-07-18-17-28-00-765_1.jpg
11096bad-9546-4b40-8c39-9dd41ebd3e16,2015-07-18-17-28-03-058_1.jpg
