0b4d2779-a2a9-4de4-b16e-45ef6ae970a6,2015-07-18-18-35-42-528_1.jpg
333cca01-3a16-425b-8bba-946604ed67b1,2015-07-19-10-56-23-705_1.jpg
ee536514-664d-4477-8d25-ef40c4119706,2015-07-19-10-56-26-639_1.jpg
e679bab1-25b1-491d-a6a8-18f9cce4e19d,2015-07-19-10-56-28-906_1.jpg
e30e2628-4f0d-43c8-ad60-81ec33a77369,2015-07-19-10-56-47-140_1.jpg
7c6bdf41-4827-416e-9647-4d9ba41526a4,2015-07-19-10-57-48-475_1.jpg
d344a17d-5550-46aa-87e2-7669b4245018,2015-07-19-11-08-34-517_1.jpg
c917f6fa-c841-484a-a06d-a4249aa15f09,2015-07-19-11-18-29-005_1.jpg
3905b77c-ada0-43bc-a48d-abd5ba2ca8a4,2015-07-19-11-18-29-005_1.jpg
8fb8537d-e7de-4e75-8d01-010052e4bc93,2015-07-19-11-18-32-786_1.jpg
88268f19-27fa-4deb-946b-64655f903e7b,2015-07-19-11-18-32-786_1.jpg
6a749e2c-d4ee-4d1a-a9f6-8634fb479a41,2015-07-19-11-18-37-240_1.jpg
dba8ef57-77a8-4358-b753-8c241aede09f,2015-07-19-11-18-40-937_1.jpg
1a92691e-ffda-46dc-a3ce-5c8b0f213bde,2015-07-19-11-18-43-658_1.jpg
53fc9248-a64a-4738-89f2-032df209d14c,2015-07-19-11-18-43-658_1.jpg
df89dd41-0b6e-476d-b06d-11c800197267,2015-07-19-11-18-43-658_1.jpg
542f932c-0aa0-4997-97d5-00cf6f1063e7,2015-07-19-11-18-46-209_1.jpg
6578056b-aaf9-4502-b0f6-a5322f3c6ffc,2015-07-19-11-18-49-156_1.jpg
a203c4d9-1794-44a7-acb0-5746868bb2ab,2015-07-19-11-18-54-629_1.jpg
ca42fe7c-d9ff-4298-9254-0eba78a1469f,2015-07-19-11-19-11-698_1.jpg
a3e73737-7ccf-4985-a772-ef6341dbd753,2015-07-19-11-23-26-733_1.jpg
e9bb7832-6823-421f-9d2f-685572ded800,2015-07-19-11-29-55-939_1.jpg
91173b04-d722-448b-b297-7a74fe9b2bd0,2015-07-19-11-35-44-716_1.jpg
cb9abe0f-1d9e-4f9d-9ea4-a4c526f2fce1,2015-07-19-11-41-55-753_1.jpg
70d7fa25-f57f-4433-a796-4fac271b40c0,2015-07-19-11-50-51-714_1.jpg
f42f02fd-0139-4e43-9f2e-65ccbc51458b,2015-07-19-11-54-36-362_1.jpg
ef48cb60-143f-447a-9519-a0056b811805,2015-07-19-12-07-18-698_1.jpg
06302840-fb52-4146-916e-86f8f38c691f,2015-07-19-12-07-36-180_1.jpg
1d590277-4970-4f92-94f1-162f985a167c,2015-07-19-12-07-49-148_1.jpg
049070dc-1407-4f54-9faa-56bbd3ceaa3d,2015-07-19-12-13-15-353_1.jpg
98de065c-7b19-46ce-92ef-7515910b3899,takayama.jpg
7e10affa-4545-437a-b707-f4ca7ee2dedd,2015-07-19-12-19-47-921_1.jpg
a2311dfe-0d23-4d4f-b619-1fc6abf8983c,2015-07-19-12-19-50-380_1.jpg
22f176e2-fdff-4c93-bcc2-73b18b74a751,2015-07-19-12-19-50-380_1.jpg
d7751718-2f4c-4ee1-9102-848f1163682d,2015-07-19-12-19-56-692_1.jpg
466704b6-010f-48b3-bcf8-650c30fda82a,2015-07-19-12-20-06-831_1.jpg
d1c02d25-b59e-40db-a184-c618dc7c0d08,2015-07-19-12-20-08-954_1.jpg
cd311985-57f7-42d6-ab3c-d6a5345f4116,2015-07-19-12-20-12-585_1.jpg
4636c065-47d1-4cb9-8fd1-69aa64c69746,2015-07-19-12-20-24-594_1.jpg
0df1fd52-b257-4b3f-b21b-b88e03970a43,2015-07-19-12-20-26-804_1.jpg
d002e0a3-2e1a-4573-bf69-1472a649bf70,2015-07-19-12-20-29-864_1.jpg
a44de881-488c-4e51-95cd-2a0cc4f67b14,2015-07-19-12-20-31-939_1.jpg
d3c53db3-d1eb-4459-a8ab-2222663a5867,2015-07-19-12-23-19-379_1.jpg
6a1aaa5d-46e9-4091-89b3-bef01310d847,2015-07-19-12-28-47-177_1.jpg
77415822-6636-41ed-994c-4906431ace57,2015-07-19-12-42-12-069_1.jpg
5e25fa2a-738b-4459-ab30-a468e6390f6a,2015-07-19-12-42-16-168_1.jpg
ab6b5467-eb8c-49b5-b44c-9772e4e36ad3,2015-07-19-12-50-03-488_1.jpg
6a0451d7-6865-49aa-83c7-90430efc89d0,2015-07-19-12-57-11-260_1.jpg
beb28e60-5302-467f-92f6-552e7af6183b,2015-07-19-12-58-49-204_1.jpg
9fd99489-2f72-4529-9b9b-639158f2c270,2015-07-19-12-58-51-545_1.jpg
d405f4dc-df15-4ceb-94d8-5ff2a50f9a64,2015-07-19-13-26-38-512_1.jpg
3a64c1b7-fddc-49c7-8f88-6ac7f745381c,2015-07-19-13-27-44-395_1.jpg
f890ead6-91b1-43ca-874b-1602c049daf3,2015-07-19-13-30-44-910_1.jpg
11add887-39e7-4641-aac6-a561681ea9d7,2015-07-19-13-39-03-975_1.jpg
3d477739-0b39-4255-9d5a-7a74d1882a2a,2015-07-19-13-39-10-044_1.jpg
994abbb1-6f9b-4103-b38d-8a577bbb5645,2015-07-19-13-39-13-537_1.jpg
6383f32e-0fc4-453c-8c1d-75e052d2e023,2015-07-19-13-39-15-615_1.jpg
7562f5ab-79d1-4e3c-be3b-739273dc8312,2015-07-19-13-43-39-384_1.jpg
57362c3c-056d-4658-81ba-02ce887649f6,2015-07-19-13-43-41-723_1.jpg
a0d2a1bc-ac28-41e4-a38f-87cdaf9f7f3b,2015-07-19-13-45-18-607_1.jpg
bac1d448-921a-431c-8ee7-16722a39ab26,2015-07-19-13-45-20-857_1.jpg
8f4b70ab-10d5-4339-b1f9-3ec1189308e4,2015-07-19-13-46-52-118_1.jpg
2c2267f9-253b-4247-9890-7fa37e4a3827,2015-07-19-13-46-54-683_1.jpg
b1734232-fc5f-4e63-b2af-23fab5ca52c0,2015-07-19-13-47-10-655_1.jpg
827a6bd4-2377-41c4-a823-78e99c741bbb,2015-07-19-13-47-17-938_1.jpg
8258b14f-4dcc-458d-9975-3a07bcb04d88,2015-07-19-13-47-30-101_1.jpg
dd67bf01-080b-4fff-883c-486f9e9aa533,2015-07-19-13-47-32-630_1.jpg
3eae2f80-8894-46ab-952f-b3bcfde9cb40,2015-07-19-13-47-34-604_1.jpg
5337c028-0033-4719-9d0c-bfdafe598d3a,2015-07-19-13-47-36-720_1.jpg
f8ddd382-5848-4f3f-b66e-72bcb2ca90fc,2015-07-19-13-47-38-723_1.jpg
aac2996d-682b-4693-b749-04418f7e5ebc,2015-07-19-13-47-40-991_1.jpg
582c21ec-564f-481b-9663-f8434c8f91a4,2015-07-19-13-47-44-159_1.jpg
c1965778-6e27-432a-b78c-9513827de307,2015-07-19-13-47-52-224_1.jpg
aef4590a-2dd2-49c9-b658-a56c9c2b2d34,2015-07-19-13-49-53-911_1.jpg
763f24f8-6eda-4089-9111-22c47a01019f,2015-07-19-13-57-54-232_1.jpg
984706e9-4a63-46ac-b62c-4f5b70dfe757,2015-07-19-13-58-14-186_1.jpg
9cdc1cd1-80e3-4e4c-983b-a3500070a172,2015-07-19-13-58-33-088_1.jpg
b34f86a4-83c9-4d91-b77f-8316b7a7af05,2015-07-19-13-58-35-380_1.jpg
ba5d00ef-c64b-4323-b889-023a7f58e6bf,2015-07-19-13-58-37-397_1.jpg
905e5d28-e46d-4207-8c5d-3a37c2cdfc93,2015-07-19-13-58-43-496_1.jpg
67e21f4d-b09c-4c3e-a3e9-21966f2b1836,2015-07-19-13-58-46-071_1.jpg
4b16de8c-a065-4ca6-ab80-c0572acc647d,2015-07-19-13-58-55-164_1.jpg
35f334cd-e3bb-4cf7-bcdb-8ec0cb0765bf,2015-07-19-13-59-10-436_1.jpg
2f1bccd2-3e43-44b0-a332-73ea52dbfcb4,2015-07-19-13-59-13-764_1.jpg
3bfb16a7-dc15-4c7b-b5e9-fdf10fd019b7,2015-07-19-14-00-44-355_1.jpg
41ebd275-3159-409b-89c2-736d06d702b4,2015-07-19-14-01-30-825_1.jpg
471f4a46-af03-4c41-b823-8e725b0cd5cb,2015-07-19-14-01-33-247_1.jpg
b32efe9a-ac87-45a3-aa99-29affa21a5be,2015-07-19-14-01-44-586_1.jpg
0aed65b5-fed8-48b7-9dcc-7a783429b28b,2015-07-19-14-03-54-964_1.jpg
97dcb2a9-99e6-44f4-a1b2-970246f1952f,2015-07-19-14-04-08-103_1.jpg
cacd8bca-b493-4b71-92f4-3622365e0d99,2015-07-19-14-04-10-934_1.jpg
74624bbf-455c-4c31-91a2-909dd78b1c55,2015-07-19-14-04-13-588_1.jpg
bc93fa26-82ce-498f-add3-9d166de5e40a,2015-07-19-14-07-19-935_1.jpg
ac0d1462-1af3-44d0-a91b-08e2c16fa26d,2015-07-19-14-13-35-367_1.jpg
f5e72f39-1031-40ff-866f-de4994dc4e54,2015-07-19-14-16-37-746_1.jpg
b0f39c8f-8e66-4a7a-a9bf-4b804786c049,2015-07-19-14-16-48-591_1.jpg
e8a58635-54c3-41cd-b87d-faae7a7566ec,2015-07-19-14-16-52-328_1.jpg
35660d6e-4516-432a-9fa7-c920df72dd74,2015-07-19-14-16-56-639_1.jpg
a232c428-36c5-4f3f-aa17-f013c36eaf43,2015-07-19-14-16-58-761_1.jpg
bb203d4a-8886-4232-b821-fe8947e9f846,2015-07-19-14-17-02-221_1.jpg
9efa70a4-3f6b-4e9e-a86b-4c94d5e9ad05,2015-07-19-14-17-23-600_1.jpg
ab90a3f5-c536-4cd3-9b13-66520e8c2e87,2015-07-19-14-17-57-047_1.jpg
403e53cb-4e0f-4064-b958-6dfc9869e1da,2015-07-19-14-19-23-138_1.jpg
2d219b38-5a5f-4d62-beda-eec50ca552fe,2015-07-19-14-19-32-428_1.jpg
1272292b-8e4f-4c7c-b61e-65b66b213907,2015-07-19-14-19-37-230_1.jpg
a8193585-61e3-4e80-892f-1834807638f7,2015-07-19-14-19-39-720_1.jpg
5b1b938f-f519-4897-bc26-3e18040014df,2015-07-19-14-19-42-565_1.jpg
c1120558-7291-4db9-b2e3-0fc1f609acf3,2015-07-19-14-19-46-030_1.jpg
77971a4d-bd9a-4086-a329-7455a6fc435e,2015-07-19-14-19-48-457_1.jpg
9cbb0447-81cd-4f13-bf47-6bb5e923fbba,2015-07-19-14-22-12-233_1.jpg
46113acc-a2b6-4694-8517-fabc0ea32661,2015-07-19-14-22-14-544_1.jpg
187357dd-b6ba-4fd8-88c6-3d12fc2ff256,2015-07-19-14-23-14-235_1.jpg
5f6033b2-3c1f-407a-adfc-21647d48ba01,2015-07-19-14-25-03-855_1.jpg
58d3ff1b-4d12-4e69-ad7f-9e56eb093666,2015-07-19-14-27-46-048_1.jpg
32d75e2a-8d5b-46ff-87aa-210af00fff1a,2015-07-19-14-27-59-922_1.jpg
64978aa2-7101-4adb-ac10-ee9545b78cc6,2015-07-19-14-28-51-918_1.jpg
0271b7b9-497f-48e7-8291-3c9de60a624c,2015-07-19-14-30-01-901_1.jpg
775b33f4-3793-4af0-83fb-60daad47367b,2015-07-19-14-30-01-901_1.jpg
538599a0-4eec-476e-a1da-8fe1f12ffc9a,2015-07-19-14-30-06-190_1.jpg
5a966a77-cbaf-4bf7-b335-1532175094fa,2015-07-19-14-30-06-190_1.jpg
5772e163-ff17-468a-b9c7-f82374e1dbb3,2015-07-19-14-30-17-900_1.jpg
d1afd54f-738d-4f13-bf2b-3bcfd6b7f493,2015-07-19-14-30-28-684_1.jpg
16db445c-7184-4044-8e9c-2f8ce9082db7,2015-07-19-14-30-43-280_1.jpg
3f724e68-8805-4ad2-829f-15c60d6eb18e,2015-07-19-14-30-52-565_1.jpg
e2c24f93-c858-46dc-96b5-25e4a8a315c6,2015-07-19-14-35-05-054_1.jpg
102765fa-df6f-4363-8b94-f9f6453c7cf6,2015-07-19-14-35-46-083_1.jpg
e109b0af-af25-43cb-81b1-6f75b7be5dd8,2015-07-19-14-38-27-418_1.jpg
44745b05-9efa-481f-bc10-01fece53eead,2015-07-19-14-38-56-608_1.jpg
bb093ee9-16f3-4ced-8060-bfd17927bc5d,2015-07-19-14-39-01-693_1.jpg
80cade2a-9170-4a1e-957a-1df55885c51e,2015-07-19-14-39-19-788_1.jpg
710773e8-eb8e-4872-ba61-08d1167cadce,2015-07-19-14-39-22-331_1.jpg
52c3358f-5361-4e15-9434-255628aca850,2015-07-19-14-39-27-252_1.jpg
886b1672-2993-4809-8abd-bb09ccdd4fce,2015-07-19-14-39-31-142_1.jpg
3f4363e0-1055-4f5c-9183-76749c3ede42,2015-07-19-14-39-34-410_1.jpg
94be063c-2010-4273-9452-5141434bf504,2015-07-19-14-40-36-716_1.jpg
21bb610e-f6e6-482a-aae2-5d7d673754ef,2015-07-19-14-40-49-014_1.jpg
c873ef09-ec27-413d-90e5-2a9ae12b8e5f,2015-07-19-14-43-17-573_1.jpg
85ae51bb-6f6b-4eb1-94b6-e0ee2c6ffb72,2015-07-19-14-47-20-063_1.jpg
30cb7e64-043c-4c4a-9426-cee3c21fa23f,2015-07-19-14-47-30-420_1.jpg
122f7c3c-a189-4c0b-93d6-9eb71461b0e5,2015-07-19-14-48-52-729_1.jpg
5ee4b535-3afd-4c7c-941c-91ffd88a2c72,2015-07-19-14-48-55-425_1.jpg
2f4b05bb-382d-4b1e-82d6-bcdf22a88904,2015-07-19-14-49-15-712_1.jpg
b56f9b5c-d078-4f17-8bfa-06f27f291f09,2015-07-19-14-49-45-850_1.jpg
0c48cf3e-f97c-4c49-bbac-0332f46cb8b0,2015-07-19-14-49-48-358_1.jpg
84f50257-7134-4a9d-b2b3-0d84cfdac150,2015-07-19-14-49-48-358_1.jpg
5f544c18-d255-49d8-9b36-04367752d66a,2015-07-19-14-49-59-140_1.jpg
43e40da3-6189-46b3-b9bb-8844eaa5c8ed,2015-07-19-14-49-59-140_1.jpg
dad0c3f0-4688-4360-a245-29b054c119ce,2015-07-19-14-49-59-140_1.jpg
bbc3eb33-c911-4bae-8d6a-6758ffb7c908,2015-07-19-14-50-09-402_1.jpg
290eb441-876a-40a9-aec3-7acf891dfd6f,2015-07-19-14-50-19-332_1.jpg
d11c5f12-1076-4b04-b8a0-e81db8e83a10,2015-07-19-14-50-31-313_1.jpg
8b96e40a-58cb-476c-b992-e65e4990dff1,2015-07-19-14-50-35-946_1.jpg
92a8a483-dbba-4343-b1bf-0d7d8995ab35,2015-07-19-14-50-48-608_1.jpg
fccf7e74-6c30-490d-b9e4-6249d70cd544,2015-07-19-14-50-48-608_1.jpg
3570f652-6ecd-48dd-9a2d-0b7d5ded9fe8,2015-07-19-14-50-52-767_1.jpg
3f085ef2-ab85-49e5-91e1-d91ebd08d5c2,2015-07-19-14-50-52-767_1.jpg
d120e8c9-7700-4561-86b6-44c9901bddaf,2015-07-19-14-53-00-148_1.jpg
f3a97a19-db17-4989-9a18-7ddf59a53ae5,2015-07-19-14-53-00-148_1.jpg
c28b4911-e8b0-4d0f-a035-30e1de07dabe,2015-07-19-15-28-35-350_1.jpg
274dfb62-dbf4-4b66-948a-b9dc29f59e41,2015-07-19-15-28-43-619_1.jpg
add0cab1-db6f-421d-8ecc-c2b572443551,2015-07-19-15-36-38-335_1.jpg
ec20308c-e911-41b0-a374-d939d09777ec,2015-07-19-15-39-16-542_1.jpg
b4b389c7-219e-46f8-9375-a692d6fedf24,2015-07-19-15-43-53-385_1.jpg
30778e07-9ae4-434e-828f-a38c9b306761,2015-07-19-15-43-57-734_1.jpg
919e710a-4b4f-4b4f-8a4c-7d29ea8dcd7e,2015-07-19-15-44-05-449_1.jpg
f9fd9b41-faf8-4b64-8e3e-3675fd100ce3,2015-07-19-15-48-07-292_1.jpg
2258a57e-9854-43b4-b7a7-648737bca5d7,2015-07-19-15-49-48-407_1.jpg
230b57d5-43f0-4e36-bbcb-e3b54edfb4c4,2015-07-19-15-49-52-177_1.jpg
cd1f05d9-516a-4e12-8ee3-1932b50e5580,2015-07-19-15-52-07-739_1.jpg
271a9afe-1cb0-4edc-bbd0-6a0e1d8ce3e7,2015-07-19-15-52-10-669_1.jpg
281a29cb-6ab0-445c-9e12-9beae2806443,2015-07-19-15-55-56-851_1.jpg
c6f8ef07-5a12-4ba9-a025-10e6d3eced4d,2015-07-19-15-56-01-212_1.jpg
1647bd51-85d9-4a12-b14b-b07dccd3df1e,2015-07-19-15-58-34-935_1.jpg
446c028b-c0b2-46e8-b67c-713810e465e1,2015-07-19-15-58-54-523_1.jpg
9c3a42d0-4aca-4ee1-9ae0-6da540752f6c,11182358_1576363215963813_8348319434700455782_n.jpg
930e1dfa-2cda-40b6-b4f5-ac5b2bdb3471,2015-07-19-16-00-38-759_1.jpg
ffb0b8dc-2ae5-48b2-aad9-b58f619101b2,10339632_10153223283252009_1620775143079034891_n.jpg
55efe4c0-aff1-404c-b8f4-8f40403bc944,2015-07-19-16-03-54-055_1.jpg
a3e4b86e-9018-4c85-984d-3fbb5cf14aa4,2015-07-19-16-04-33-130_1.jpg
219879d9-3e55-4d7c-8c60-6c8c12fe5065,2015-07-19-16-04-44-871_1.jpg
b7f81e0e-435f-4208-9d14-815901ba9ba1,2015-07-19-16-06-21-915_1.jpg
7166270e-49ec-4c9c-a23e-a7ec57c160fa,2015-07-19-16-07-43-511_1.jpg
9f3b01c8-690a-425f-8192-5f29b40528b9,2015-07-19-16-14-26-885_1.jpg
8f033298-292f-4a08-885a-f0d34f495c69,2015-07-19-16-14-36-959_1.jpg
50b8ceb4-6bc7-4659-b8eb-4a1361e1d05a,2015-07-19-16-14-52-140_1.jpg
52c9e5a0-01a3-4d02-a94b-cbaa9fe4bfed,2015-07-19-16-15-03-670_1.jpg
a7a22025-c45f-4210-91ec-df243cf0d07e,2015-07-19-16-16-40-103_1.jpg
ff70409e-e2e6-4cd1-bdba-82bf7ccb70af,2015-07-19-16-16-45-592_1.jpg
469a909d-806d-4125-9b01-820f8e5d9d39,2015-07-19-16-16-48-441_1.jpg
e900c2d2-6fae-464b-8991-b89575363b36,2015-07-19-16-16-48-441_1.jpg
17c88e5f-64b6-4005-b946-f5c2f635e796,2015-07-19-16-16-51-287_1.jpg
01171138-6fe2-4b91-b041-c35462c7583d,2015-07-19-16-16-51-287_1.jpg
7bc6124e-aaaa-4eca-9e2e-72cf2d00cee0,2015-07-19-16-16-55-524_1.jpg
2ee0e3ad-5a7a-40a5-a6da-9f4a80ad07c6,2015-07-19-16-16-58-218_1.jpg
e2b3189c-9a99-438a-aabd-910c6b5bd5fe,2015-07-19-16-16-58-218_1.jpg
05b0bf85-a3cf-4760-ae35-779b373673b3,2015-07-19-16-17-02-603_1.jpg
ea2313cc-317f-45fe-a9c6-1397b774e345,2015-07-19-16-24-27-726_1.jpg
77e3aab4-af76-4ad5-a289-31623f963501,2015-07-19-16-28-41-286_1.jpg
b770738a-f1a8-40f6-88da-51bf7e5189b6,2015-07-19-16-57-08-236_1.jpg
f1b3b7d6-97e8-4985-bf34-d57ec5d0c21d,2015-07-19-16-58-50-233_1.jpg
73f6a536-7e1b-44c3-9d8a-72f6984cfa7c,2015-07-19-16-58-53-421_1.jpg
d14152bd-9a1f-4787-992d-854bdcf04768,2015-07-19-17-09-41-497_1.jpg
054486fd-3f79-468d-a136-d66455bc790f,2015-07-19-17-09-45-795_1.jpg
67ec784c-0b52-4219-bdcb-e37935805efe,2015-07-19-17-15-04-714_1.jpg
f29deca5-900e-496b-b8a6-8da0b64e703a,2015-07-19-17-15-44-363_1.jpg
4df56804-3161-4498-afda-3da991f73528,2015-07-19-17-17-19-365_1.jpg
5a02a5d5-91c5-450d-8f71-a452b74f01b4,2015-07-19-17-17-43-632_1.jpg
94c03bfc-df2a-427b-86bd-408990815c25,2015-07-19-17-17-48-904_1.jpg
53b9c9da-e035-4286-b81d-3edda63ebf2c,2015-07-19-17-18-07-600_1.jpg
e190c7e8-4bc6-47a2-a11f-b22e7c370b6a,2015-07-19-17-22-49-497_1.jpg
6e8c9dce-c778-4b73-b308-b64875309f7c,2015-07-19-17-28-54-877_1.jpg
d2b3944a-b00d-408a-8285-8d75ea691c16,2015-07-19-17-30-27-995_1.jpg
8eee46fb-4d4d-45d5-b825-2273f09aac3d,2015-07-19-17-30-37-406_1.jpg
846ad48b-6bfa-43b4-8548-adc4c80072ea,2015-07-19-17-30-42-681_1.jpg
d2fc37f6-507e-42b6-a6dc-8adcc07fe7c7,2015-07-19-17-31-18-599_1.jpg
77b87090-ec47-42ff-b1f8-45f3fe5230cc,2015-07-19-17-47-15-265_1.jpg
d180ac14-2367-412d-aaa0-f8ca4c11d7c3,2015-07-19-17-47-26-159_1.jpg
d3c14a88-178a-4551-9735-53e96ccc1c3f,2015-07-19-17-47-47-912_1.jpg
a5fa1fdf-653e-4d16-a558-5a24b7635139,2015-07-19-17-47-57-767_1.jpg
346837c6-bbbe-4e61-96cf-84fbd2191fda,2015-07-19-17-48-00-607_1.jpg
21268731-1d71-458d-878e-0d39a749d106,2015-07-19-17-48-03-705_1.jpg
58a67269-a2da-4997-8d38-2d02c5504165,2015-07-19-17-48-08-035_1.jpg
93f4c528-fb44-43d2-a74b-c04be0c40ebd,2015-07-19-17-48-16-696_1.jpg
66a37297-6e9f-426d-b961-237c7fba411d,2015-07-19-17-48-35-183_1.jpg
e2093696-1ad9-41fb-ae35-c79299375a49,2015-07-19-17-48-52-187_1.jpg
3e3426a9-3b2b-4a83-8e45-5531b9986e79,2015-07-19-17-48-52-187_1.jpg
f24cec23-d651-49a6-8ba2-decda53b51b8,2015-07-19-17-49-01-984_1.jpg
7f6ac83a-22d2-4041-acbf-18be03138052,2015-07-19-18-00-36-754_1.jpg
a6010dd9-d633-452f-9a1c-360733186917,2015-07-19-18-00-39-969_1.jpg
7a07e9bd-9c39-4f7e-b5b6-6310e8213cbc,2015-07-19-18-00-42-845_1.jpg
35ddcd54-6000-41b1-a50c-498436271895,2015-07-19-18-00-46-144_1.jpg
2bc0c512-c72c-46ac-9145-820029c671a3,2015-07-19-18-01-03-359_1.jpg
1c44d737-d931-47f1-8dba-32727e899a9d,2015-07-19-18-15-25-149_1.jpg
bf2021ea-a9e2-4192-92a3-23be2022d8d3,2015-07-19-18-18-53-736_1.jpg
baf67f22-5af6-431b-adfd-138f686eb9bb,2015-07-19-18-18-56-800_1.jpg
f832a7ab-c149-4857-a2bc-5081ac0abc81,2015-07-19-18-19-01-405_1.jpg
204cd25d-5b7e-41ea-9206-3597db41a047,2015-07-19-18-19-11-376_1.jpg
cdbbf09e-7b28-4762-9dc3-46840e52c131,2015-07-19-18-19-36-256_1.jpg
51adcae8-2cef-4c3c-accc-6f38e9130f9b,2015-07-19-18-19-49-905_1.jpg
3a103215-d9f0-4ee2-ac91-e107fb2eb5a0,2015-07-19-18-20-00-246_1.jpg
bba70890-7d32-4771-892f-88796695dccb,2015-07-19-18-20-05-959_1.jpg
5179a337-3000-486d-877e-99231963f107,2015-07-19-18-20-54-051_1.jpg
898aabe0-e076-4a57-8570-5640b11ddb5b,2015-07-19-18-22-09-469_1.jpg
acc039c2-d21a-4b67-9074-658e492992c2,2015-07-19-18-22-12-587_1.jpg
be3b34cd-9438-4118-b91a-aa9b3d89437e,2015-07-19-18-27-55-777_1.jpg
b4563454-bb52-43cc-89c4-f9f285f94153,2015-07-19-18-27-55-777_1.jpg
120c08d8-77d8-4501-a576-77e552f00d10,2015-07-19-18-28-15-905_1.jpg
2e9a9d0c-0698-4e6a-ab5a-1c88ea0f7112,2015-07-19-18-29-04-793_1.jpg
b6006303-e5bd-4047-8539-63c44406ed09,2015-07-19-18-29-08-501_1.jpg
ff0c599a-8894-4500-bc65-5fbb5ab77cb3,11138641_667844123348449_8738719184348765177_n.jpg
5139f14c-480b-44b7-8ec2-798745d13774,2015-07-19-21-36-40-251_1.jpg
c1f13f6a-23de-4a43-a77c-7c20d24fa018,2015-07-19-21-36-43-948_1.jpg
