5136930c-44b5-4df6-bdaf-92d7d604bc2b,2015-07-20-10-46-21-010_1.jpg
dd72be40-6a36-4049-a0df-6bc9e95f5f2e,2015-07-20-10-47-57-250_1.jpg
8a660557-d249-4c09-b246-dfbd48fcfca5,2015-07-20-10-51-55-502_1.jpg
234d6ec9-b19a-4f36-bda6-c515ba138308,2015-07-20-10-52-33-508_1.jpg
d8fbc506-b8fd-49d3-b583-1ffbe290b993,2015-07-20-11-01-22-874_1.jpg
27ebc345-9407-4864-95b3-a3423be2172a,2015-07-20-11-01-25-876_1.jpg
7ebf49a0-cf8a-41a6-a98d-0a278caaab2a,2015-07-20-11-02-49-650_1.jpg
8c5c4467-aa3f-4efb-92cf-08a2b0864ce4,2015-07-20-11-02-49-650_1.jpg
081b3221-28f6-4239-98b8-82aa0ea34ee2,2015-07-20-11-03-10-041_1.jpg
4947e865-03c1-4b65-864c-45d42f9290da,2015-07-20-11-03-36-476_1.jpg
b0d57968-ad9d-4a09-964e-65f02e4a97f3,2015-07-20-11-08-53-329_1.jpg
d9c0a6ce-7aeb-4cbe-9c26-cd0fda954b87,2015-07-20-11-16-48-475_1.jpg
443152e1-128a-416e-89e4-3f7d641cf2ca,2015-07-20-11-16-57-354_1.jpg
ce4956d7-267f-478e-8b37-ad09a9f2eb69,2015-07-20-11-19-19-522_1.jpg
bd8fcf0b-633d-444b-84f8-16366ce84e4f,2015-07-20-11-55-29-313_1.jpg
65666c4f-c8d9-4429-9f6b-4ff896ed26f0,2015-07-20-11-58-41-789_1.jpg
975690b9-9f5a-46d4-bc47-fde252526609,2015-07-20-12-15-05-788_1.jpg
fcbe3b0f-a41e-4b56-abb7-33df1cc6e636,nozoki280.jpg
2a310363-f7b6-4a73-b127-9ffd0e40227c,2015-07-20-12-24-46-386_1.jpg
87b88c10-4492-44c7-8d4e-20cdc4cfae85,2015-07-20-12-28-19-686_1.jpg
9d0cb7a4-6bc5-4f0f-9931-bc105b910dae,2015-07-20-12-28-22-628_1.jpg
4e14e493-2748-4444-9cb9-0790851e763f,2015-07-20-12-28-31-396_1.jpg
15c6b43a-61bf-474f-ae12-4f93e01b112a,2015-07-20-12-34-45-396_1.jpg
a8aca5fb-8c38-49a5-b777-3605faf6105e,2015-07-20-12-36-52-334_1.jpg
e73ce7ff-200c-418b-a05c-1008fb7ac41b,2015-07-20-12-51-25-282_1.jpg
f824254e-c41d-460d-8c95-d724109f38b9,2015-07-20-12-53-29-608_1.jpg
93b0a8b8-59c4-40fb-92c4-4748316e4b04,2015-07-20-12-58-05-070_1.jpg
8d3c99dd-41db-4b7d-886f-c241f1733875,2015-07-20-12-59-54-573_1.jpg
dd4dd765-b7c4-496f-b4b6-9b1def4ae76d,2015-07-20-13-00-48-860_1.jpg
c5dd9fc7-9806-4898-b031-ba101b3a310f,2015-07-20-13-01-09-824_1.jpg
e98d55cf-c295-4e7c-b9e5-1693fcc0ce8a,2015-07-20-13-01-12-524_1.jpg
eb7f384a-f391-4d67-b17c-e815ce017eca,2015-07-20-13-01-14-795_1.jpg
654c3157-3348-4116-a6a1-e8a349327398,2015-07-20-13-01-16-743_1.jpg
0b8284ff-23f0-4b76-b8a6-b655fc63e472,2015-07-20-13-01-20-306_1.jpg
b87a7b34-cd2b-4bec-a57b-f91a314ff08b,2015-07-20-13-01-23-973_1.jpg
18485484-40ff-49ca-b092-d7ff1e0764db,2015-07-20-13-01-27-071_1.jpg
0834dbed-1019-4022-99f1-5c560e4e591e,2015-07-20-13-01-27-071_1.jpg
b0bfb778-eb45-4610-a7e7-d84811f13291,2015-07-20-13-01-30-018_1.jpg
1c50d628-9e2a-4a10-bc4a-e07377549f58,2015-07-20-13-01-30-018_1.jpg
4d566db7-0db3-417a-b833-ebf305a81d0a,2015-07-20-13-01-30-018_1.jpg
fcfddc56-a31c-4ba3-b374-9dec84d14fa5,2015-07-20-13-01-32-186_1.jpg
a1265984-e51e-4fc5-b85b-6e7b1ed2fb9d,2015-07-20-13-01-32-186_1.jpg
013686e2-9818-4d07-a28b-0ac7d96c49f1,2015-07-20-13-01-32-186_1.jpg
6946ef2c-f53f-420c-8741-1532c031ade4,2015-07-20-13-01-34-212_1.jpg
b07c9ace-a0b6-477b-b848-f6eaaaf99094,2015-07-20-13-01-34-212_1.jpg
3aadd7bb-cd6f-4f64-a38a-c16e579b82b1,2015-07-20-13-01-36-602_1.jpg
1772e791-1616-49b8-96d1-256bf0b75b62,2015-07-20-13-01-36-602_1.jpg
e50210dc-c010-4bc9-a587-364bfa17a51b,2015-07-20-13-04-13-675_1.jpg
ca57c818-287f-437a-ad62-cd5233f1daa2,2015-07-20-13-05-12-050_1.jpg
1bc6bf6c-f4c5-432c-b307-b20f8e966150,2015-07-20-13-07-33-434_1.jpg
6d9cd109-2491-48a9-9341-6ecc807047b6,2015-07-20-13-07-35-785_1.jpg
c6784a3e-6228-4e5c-9898-45a7502aec61,2015-07-20-13-07-53-884_1.jpg
22db47e4-be78-4637-94ea-87431e71a6ee,2015-07-20-13-08-44-480_1.jpg
33053fda-cb10-4c00-b2b9-ec3c132cbd26,2015-07-20-13-09-34-696_1.jpg
c9591763-6ed6-432c-9b11-41fe6d972277,2015-07-20-13-09-42-563_1.jpg
a1b73d19-437f-44fb-b242-0bec6848165d,2015-07-20-13-10-07-267_1.jpg
53e32c4b-635b-44e2-a07a-e71c3191271c,2015-07-20-13-11-18-257_1.jpg
7b0778d4-40ed-4ef5-b81c-88a46aa4cb1e,2015-07-20-13-11-22-658_1.jpg
0658977d-2d66-40ef-b22e-cce5f4749af0,2015-07-20-13-11-32-236_1.jpg
61602075-c931-482c-8572-40207dc5a6f1,2015-07-20-13-11-44-805_1.jpg
432e7417-ceb0-4257-8a43-8f925535474f,2015-07-20-13-11-47-049_1.jpg
7b59e1bc-537c-4312-8f61-0fa348b8d0cb,2015-07-20-13-11-49-172_1.jpg
a6888a83-c13b-4a56-ade5-2c7b82dc47bd,2015-07-20-13-11-52-521_1.jpg
5dc5becd-1592-4725-a383-7b82bc9335a0,2015-07-20-13-11-54-988_1.jpg
358944ec-a9d1-4e0a-886d-84285c07234f,2015-07-20-13-12-05-196_1.jpg
f2398fd9-7c98-4ae8-ada2-ff3cd1446e6a,2015-07-20-13-12-59-316_1.jpg
c4e687e2-90c6-48f5-a035-4a7dc636b23e,2015-07-20-13-13-01-394_1.jpg
7df39051-a868-4a91-9a12-8e09299baf26,2015-07-20-13-13-23-116_1.jpg
07fde717-ead6-4b8e-a1b1-91fe25ccc409,2015-07-20-13-13-25-182_1.jpg
68694ca4-fd13-4998-9b8f-fb236a7ff506,2015-07-20-13-15-08-958_1.jpg
2ca5fdc8-aaed-4e11-ba9a-9814fa15d821,2015-07-20-13-15-12-658_1.jpg
a1ee43cb-16ed-4c3c-a3e0-d0197fc14d07,2015-07-20-13-15-18-056_1.jpg
dfc3d4d1-5f2c-46c7-bc0e-66166cd71eea,2015-07-20-13-16-05-216_1.jpg
abdaf54a-5252-4bd7-ad4c-5cc392eb785d,2015-07-20-13-24-18-747_1.jpg
37214484-b385-44e7-8c9c-86b841660403,2015-07-20-13-24-23-922_1.jpg
b271b4c9-9cea-4f73-a45d-e702d421c2dc,2015-07-20-13-24-26-433_1.jpg
e266aa82-4ab9-48a8-b30c-e3b567fb10b3,2015-07-20-13-24-28-656_1.jpg
111274ee-1c12-4bdb-95cb-eb8c54c93bbe,2015-07-20-13-26-25-119_1.jpg
97c44b8a-517c-486b-acf7-4277db299b6e,2015-07-20-13-26-45-991_1.jpg
d38229ec-3261-43e7-8449-30766363d4b1,2015-07-20-13-26-55-046_1.jpg
b17a8331-7b51-446d-9cd6-0e6eea93d974,2015-07-20-13-26-57-120_1.jpg
330a84ac-2b71-4291-8d2b-7fd48ed8c7e3,2015-07-20-13-29-43-900_1.jpg
7b2b1a94-03e2-4af1-b1f6-9540e129d4b1,2015-07-20-13-31-46-188_1.jpg
de620b29-9ab1-47ee-bcea-e5bea3d2defa,2015-07-20-13-31-48-369_1.jpg
2c29d259-a751-4b49-88a2-5dbdcb0768ba,2015-07-20-13-31-59-753_1.jpg
5ede8f13-3020-45b1-86a0-2b53f28d7416,2015-07-20-13-32-05-430_1.jpg
b1be9f8d-204b-4d47-9867-a0ea30fd0b1a,2015-07-20-13-32-08-693_1.jpg
410a2eff-1c1a-4e60-ad2d-97347710a5c0,2015-07-20-13-32-16-251_1.jpg
00422368-0f64-4bac-81f3-9e42624a609a,2015-07-20-13-32-18-251_1.jpg
7edc8062-e2aa-4a6c-901d-3f055c7bd124,2015-07-20-13-32-22-584_1.jpg
34adb090-7dbe-4ccb-8b43-a90b9e77155c,2015-07-20-13-32-33-436_1.jpg
58e43694-0d81-49ba-9d33-a3027527c073,2015-07-20-13-32-35-336_1.jpg
2cfa0cae-f6d3-4807-b59b-980cfc325ad5,2015-07-20-13-32-38-841_1.jpg
202b11f9-372b-446c-ab3b-e95ede6c3536,2015-07-20-13-32-40-811_1.jpg
83465160-48db-4b7c-85ed-582e945322f3,2015-07-20-13-32-44-146_1.jpg
785b9a26-8535-4ecf-a482-72056bbe6c34,2015-07-20-13-32-48-136_1.jpg
ea2735f8-d11e-44d4-8083-6168e6b3b485,2015-07-20-13-32-52-921_1.jpg
fe800341-f0e2-4aa6-a3a2-8059b2cc2054,2015-07-20-13-32-55-433_1.jpg
48080f61-6e3b-45fa-ad4e-aed1d8833fcb,2015-07-20-13-33-13-985_1.jpg
c8aa83c3-db89-4de8-b676-b68c83dc70c5,2015-07-20-13-33-15-893_1.jpg
54dae11f-4f6f-4006-be4e-32ad0303594e,2015-07-20-13-33-20-386_1.jpg
c9e58c89-e180-4093-84cc-a2f0c174e58c,2015-07-20-13-33-24-945_1.jpg
5141b1a7-a660-4deb-b6d6-fc6b6f1c689a,2015-07-20-13-33-24-945_1.jpg
275d7a47-c6c4-4df4-b972-20eecfe1e7f5,2015-07-20-13-33-40-705_1.jpg
7f1a891d-0038-44fa-9285-200f72fcdee7,2015-07-20-13-33-45-881_1.jpg
2bc0164e-0af0-4fcf-b1ef-67fa48042801,2015-07-20-13-33-47-983_1.jpg
42ce3aa5-68c2-4af5-aa45-e78ef3a8f077,2015-07-20-13-33-52-769_1.jpg
231ce772-b79d-40d7-b465-48508950ef7b,2015-07-20-13-34-05-352_1.jpg
5f090347-e9fd-427b-b8b0-b9ee93485d2c,2015-07-20-13-34-08-241_1.jpg
c656e2c5-6bd2-41bc-b641-d8e397c8d3fb,2015-07-20-13-34-08-241_1.jpg
77c99cbf-4f7a-4367-81d4-6e24e208d6ea,2015-07-20-13-34-33-708_1.jpg
5a66d5ef-3937-4fa6-91d2-db06cc1e8612,2015-07-20-13-34-38-762_1.jpg
7cca9aed-f677-42d3-a0df-ad15a6791b95,2015-07-20-13-34-40-953_1.jpg
dfa606ad-ed30-4c8a-97c3-b8e599ded22d,2015-07-20-13-34-43-258_1.jpg
4e04df03-7a03-4988-9c62-18b05617b08a,2015-07-20-13-35-10-178_1.jpg
0b26bd99-f4b3-4907-bf0f-ecd4bb842e45,2015-07-20-13-35-15-428_1.jpg
b9a4c243-8c25-4143-bfed-202e26dab156,2015-07-20-13-35-21-343_1.jpg
880d7a99-10da-4f0b-94cf-e93ee17459f4,2015-07-20-13-36-12-539_1.jpg
49641422-fc8c-47fd-8fc8-58b61af72bf1,2015-07-20-13-38-22-746_1.jpg
47009d2d-2236-4935-abfe-3a432629ec74,2015-07-20-13-39-49-859_1.jpg
fa8feb56-d36f-40e6-921e-60e3ee46eb2d,2015-07-20-13-40-14-104_1.jpg
790bb221-503e-41ca-94ae-c68cfcdf8187,2015-07-20-13-44-23-309_1.jpg
0f9bf0e1-561f-4cb3-837b-765da56f236e,2015-07-20-13-44-40-635_1.jpg
6cd0b6e0-c97b-4d52-8014-330f49ece464,2015-07-20-13-45-37-896_1.jpg
160d46de-23d8-464d-8a02-13b86dec6c3e,2015-07-20-13-45-42-213_1.jpg
e628603c-0abe-4842-945b-2d993f72ac0f,2015-07-20-13-45-44-862_1.jpg
09dab66c-5310-4a65-85a9-c8495b47ef0e,2015-07-20-13-49-08-354_1.jpg
ff26bff4-5de3-4a16-b7c9-69b59b9d4350,2015-07-20-13-49-12-964_1.jpg
6588c2e4-e154-4b6d-b634-eaa9312163e6,2015-07-20-13-49-14-963_1.jpg
a0915cde-2f0c-42aa-bbff-5bf9fff088ae,2015-07-20-13-49-18-741_1.jpg
600ceab2-5928-4471-a7d2-55f4a4c7182e,2015-07-20-13-49-29-140_1.jpg
74ef1d72-3c9a-4dc9-8f27-f18c369f931b,2015-07-20-13-49-32-647_1.jpg
b48f4fc5-6e2c-4626-8b80-57401ea958e4,2015-07-20-13-49-35-138_1.jpg
78dcfea7-19a8-4e21-8383-8a3d7060da99,2015-07-20-13-50-08-703_1.jpg
b56c59a3-a136-43b6-8801-f310c9b47bb8,2015-07-20-13-50-20-898_1.jpg
99269634-05b0-4d7f-92f9-61e0a8b1b471,2015-07-20-13-50-22-861_1.jpg
7cb21f95-28ef-4775-ac55-5f62bf68e4fe,2015-07-20-13-51-01-276_1.jpg
9fb228ad-5e7a-4b8d-b597-49184ddd6f2e,2015-07-20-13-54-06-765_1.jpg
05dc2559-30ef-4395-8750-72e83358dc4b,2015-07-20-13-54-37-893_1.jpg
2096b92d-cf65-4207-bb99-3b9a013227a8,2015-07-20-13-59-00-109_1.jpg
2e3b2dc6-7815-4b16-8e02-742c1693a9a4,2015-07-20-14-02-09-989_1.jpg
7ef1eb35-f312-446b-840e-54d4d15b2962,2015-07-20-14-02-14-742_1.jpg
e69e8657-2bbe-4f33-80c9-eedced1f6873,2015-07-20-14-02-22-801_1.jpg
ef2ca879-0df5-4377-b15b-c5c49f49349d,2015-07-20-14-14-25-516_1.jpg
ae582fdd-2baf-4c4c-8126-b9ff7cea7caf,2015-07-20-14-14-28-581_1.jpg
5b3fb157-e8ec-4709-a53a-b4d0a26373d5,2015-07-20-14-19-54-212_1.jpg
24194d82-ffcb-478d-9325-da96fb292596,2015-07-20-14-19-57-031_1.jpg
4971b408-f7c8-47b6-a4c8-0f8c6e4c33bd,2015-07-20-14-20-54-292_1.jpg
67c01c64-4cfe-4448-ad6e-a4e3d5cd9b54,2015-07-20-14-20-56-848_1.jpg
d226b90f-23c8-485d-bab7-ae70b27494a9,2015-07-20-14-25-37-805_1.jpg
fbebada5-a5a1-45f6-89a8-8d1eb8625e48,2015-07-20-14-25-40-783_1.jpg
001920ac-9a0a-4caa-a9a9-6a567f560d11,2015-07-20-14-25-43-909_1.jpg
65c022bb-e2b0-4b96-ade2-9fe1e3c90668,2015-07-20-14-26-06-706_1.jpg
e194bd4d-0dcf-4713-9b31-826f2d83da71,2015-07-20-14-26-10-517_1.jpg
8a452f4c-dbbc-4489-9832-a5122dc92386,2015-07-20-14-26-10-517_1.jpg
02efaf3b-7c3c-470c-88c4-f36460cbf257,2015-07-20-14-26-12-541_1.jpg
68752aa8-00a4-4a3c-ae8b-8e00fc2f6feb,2015-07-20-14-26-12-541_1.jpg
672e8685-1b1f-41fb-ad4a-ed92ae193fe8,2015-07-20-14-26-14-618_1.jpg
406b37e0-0297-4cf2-8a84-8cec33c9ffc4,2015-07-20-14-26-35-634_1.jpg
beeac448-934e-4c01-9dcb-c31d6904e8fa,2015-07-20-14-26-38-125_1.jpg
3fa6079e-6daf-4984-a642-723b7c6083b8,2015-07-20-14-28-03-258_1.jpg
52194e95-d1d9-4120-a125-efd0db355696,2015-07-20-14-31-03-091_1.jpg
905b7453-b46b-4292-bae2-f95a0a2a08be,2015-07-20-14-31-05-566_1.jpg
63ee3c19-d5fb-4920-94c3-5db43ceb523d,2015-07-20-14-34-26-374_1.jpg
690b8fd7-3020-4adf-b7a4-e7ff453467dd,2015-07-20-14-34-29-610_1.jpg
b167848d-0903-4890-8b83-a0566ac8618b,2015-07-20-14-34-39-318_1.jpg
af60b9d1-7823-4feb-b347-4b4400bcc815,2015-07-20-14-36-31-941_1.jpg
ac7ce2e4-3518-407a-a15f-4e8097d707e6,2015-07-20-14-36-42-819_1.jpg
a2d2ead7-e501-4566-9a99-a0e1846bc731,2015-07-20-14-36-45-245_1.jpg
4478ed03-ad45-42c1-bd01-a3b0ceb33276,2015-07-20-14-36-45-245_1.jpg
7035fc9b-247e-4449-b3f6-4fa1ea38a03e,2015-07-20-14-36-47-305_1.jpg
fa75a2f3-0b08-46a1-a955-ec9fbbcb92c1,2015-07-20-14-37-26-212_1.jpg
8c4e3260-6b8f-4de8-9799-1299ebf051f7,2015-07-20-14-37-28-365_1.jpg
b904f2b6-32c1-41cd-9c08-fc038cb8f632,2015-07-20-14-37-35-278_1.jpg
b4b65d2d-1275-4053-9042-d291fe190d1e,2015-07-20-14-37-39-170_1.jpg
43fa8e78-eb2b-41ec-9a39-9f4896422168,2015-07-20-14-39-55-081_1.jpg
a71ee980-a1f9-4af6-a853-b9365f4ffe62,2015-07-20-14-42-02-044_1.jpg
6dd55a3e-8687-4f4c-b983-4287ee6c9932,2015-07-20-14-42-04-644_1.jpg
1e365d16-9fa2-4d32-8112-dbf55f0dbba3,2015-07-20-14-43-42-754_1.jpg
61935b6c-0ec0-4d2f-bf03-1f1a8dd4a634,2015-07-20-14-46-44-680_1.jpg
4dbe0ae2-c4e6-49ce-bb7c-ec83617590d3,2015-07-20-14-46-47-410_1.jpg
d2494a68-2936-493c-a22a-99dbfc7765b6,2015-07-20-14-46-49-481_1.jpg
41810291-4b8b-403f-8ed0-67c08e1892e4,2015-07-20-14-47-47-853_1.jpg
2fc62909-c5c8-4c43-a896-0c9ae55ec4b3,2015-07-20-14-47-55-625_1.jpg
7b64dfea-e919-4bb0-9a0a-31498c657add,2015-07-20-14-48-36-020_1.jpg
bc44720a-141b-4291-847e-dc7dc1f88914,2015-07-20-14-49-04-765_1.jpg
98aa8d19-d0bf-4aad-aa2b-e4b88105ddfc,2015-07-20-14-50-43-784_1.jpg
aa5b77c7-fc81-409b-a993-35151a094cbc,2015-07-20-14-55-44-691_1.jpg
b0ba3e20-9a0f-42d4-bfbf-fb38c23b1739,2015-07-20-14-55-44-691_1.jpg
1f401edc-c4e3-4664-bb67-fd7c76300075,2015-07-20-14-55-47-002_1.jpg
35c4ffe0-a0cf-4b5e-b19f-a76634049f4f,2015-07-20-14-55-47-002_1.jpg
3fe2d92f-aa5f-4f7c-a27c-0c7d77d86cac,2015-07-20-14-55-49-751_1.jpg
ee3e86d5-c107-4773-8028-19cc327358f1,2015-07-20-14-55-49-751_1.jpg
412e5e08-83e0-42a5-8f45-7a0c1271303a,2015-07-20-14-55-52-951_1.jpg
3fb48849-befd-4747-9440-6ce2ecf3f78c,2015-07-20-14-55-52-951_1.jpg
9677298b-9b6c-4013-972f-90ff6ce3172c,2015-07-20-14-55-56-731_1.jpg
316dbaba-cb99-456d-9b4e-29237abc2e78,2015-07-20-14-56-43-962_1.jpg
9be88b83-2dcc-4dbf-9e64-36ccf310ddd0,2015-07-20-14-58-50-762_1.jpg
b5dce6de-bf87-4bc1-a5b8-6880a0fbeeef,1383902_335017179976599_865974679_n.jpg
7a4e9d66-544e-47b0-a579-21dace957a10,2015-07-20-15-00-38-055_1.jpg
7a9c97bc-62a3-41a8-9bf6-6d519d8b2182,2015-07-20-15-01-16-978_1.jpg
b606e20e-4921-4b06-8d21-ecfa0706ecdc,2015-07-20-15-03-36-743_1.jpg
5c36b166-fed3-45f5-a0bb-9e2f9de9d1b8,2015-07-20-15-03-38-859_1.jpg
9a5f8a7b-5937-46d7-80f0-e26664dae4b5,2015-07-20-15-03-50-843_1.jpg
7e30ad99-0b25-4978-aa92-527fedf8f265,2015-07-20-15-04-12-910_1.jpg
8bd1593f-2b5d-4bf0-a187-212757c6b474,2015-07-20-15-04-15-754_1.jpg
5f4c82fb-de3c-4fe6-b975-e14e09d88102,2015-07-20-15-16-02-029_1.jpg
34edb50c-e186-4dbe-9496-76cb378fcc16,2015-07-20-15-16-08-242_1.jpg
a3536e6d-fece-43e7-9197-0f283927920d,2015-07-20-15-16-12-253_1.jpg
32a1016b-de42-4775-a7c5-8e6880cb297a,2015-07-20-15-16-15-489_1.jpg
69ef319f-879f-4729-bbc3-bb3226bcdcf7,2015-07-20-15-16-17-337_1.jpg
faaee0f0-39d4-4b13-b182-d0cfd5a80026,2015-07-20-15-16-32-675_1.jpg
4346598e-bfb7-4378-bac7-b705b7c9ae15,2015-07-20-15-17-10-126_1.jpg
9ac7e8e6-9913-48b0-9562-11e3c53d49c6,2015-07-20-15-18-07-157_1.jpg
90ea0d4e-ce9f-4a55-a201-bdcd1e3e1207,2015-07-20-15-18-09-531_1.jpg
65ffbb7f-110a-4d0d-b233-67bc4bc085b8,2015-07-20-15-18-11-945_1.jpg
67e8c5d0-d1b7-4240-baa4-ed1d17c492f8,2015-07-20-15-18-21-504_1.jpg
f6b48c30-1f29-4207-8a3f-52a1def8a77a,2015-07-20-15-18-25-876_1.jpg
191fc771-cb32-42b2-83c4-25e3fcc2740f,2015-07-20-15-18-34-953_1.jpg
ea227b35-6165-43a8-b51d-84535dec7c6a,2015-07-20-15-18-38-031_1.jpg
c3d25b56-885d-4b02-8e65-198d5c270104,2015-07-20-15-18-44-957_1.jpg
22cae7b8-0a85-4dbd-9bcb-f158a40be082,2015-07-20-15-19-08-700_1.jpg
53982083-a6e3-4600-b99c-8656bdaa1d06,2015-07-20-15-19-33-084_1.jpg
4a25060b-f5a4-4846-9ce4-e2770be8477d,2015-07-20-15-19-38-039_1.jpg
a4978839-2eb5-4c68-b987-eeea533734b1,2015-07-20-15-19-38-039_1.jpg
17661c7b-6cbf-4b7a-b0a0-e9f0ab3d618c,2015-07-20-15-19-44-324_1.jpg
db5715de-a2b2-44d8-9039-a7bfcf186fbe,2015-07-20-15-19-51-097_1.jpg
89196ea5-0a09-4d31-bbc1-6085947a63a6,2015-07-20-15-20-01-351_1.jpg
d72afb10-357f-4a23-9c8b-f428ef1aeef5,2015-07-20-15-20-24-396_1.jpg
73d902b2-8117-4b1a-9b03-9f35a7c50436,2015-07-20-15-20-26-355_1.jpg
b32e76ac-0fde-4956-b280-2396ca694655,2015-07-20-15-20-28-801_1.jpg
a8fb2dc1-b94d-4cd5-a3a5-e45839704be7,2015-07-20-15-20-31-366_1.jpg
3a827dac-db0a-4305-a71d-e3c95c3e1473,2015-07-20-15-20-33-478_1.jpg
c21c09b8-1dae-4bfc-87bd-6d696ee5d66d,2015-07-20-15-20-38-219_1.jpg
38a8a8b8-190b-4cdc-ba65-ca8426b421ff,2015-07-20-15-20-42-016_1.jpg
11a32f94-e163-49b9-89b8-308d9800fa45,2015-07-20-15-21-03-800_1.jpg
7a960a9b-5731-4459-ab3f-9f68f7361c3d,2015-07-20-15-21-03-800_1.jpg
54aebaa8-0abd-401d-9b96-8d4f4502f92b,2015-07-20-15-21-05-693_1.jpg
8d031669-f413-4933-986a-1b5daf048a89,2015-07-20-15-21-05-693_1.jpg
4073cf95-00b2-4d09-b4a6-19e736646618,2015-07-20-15-22-13-992_1.jpg
8cae873c-1436-415c-8620-68cd94ddea90,2015-07-20-15-22-27-729_1.jpg
72bb320f-4b20-4b35-bab7-8d6844f95e2e,2015-07-20-15-22-30-973_1.jpg
6dd46918-5cac-477f-9923-2e97a19ec70f,2015-07-20-15-22-30-973_1.jpg
155a344b-5741-4282-b550-e8a56d26b213,2015-07-20-15-22-33-357_1.jpg
929ec868-c578-4cd7-8f06-639f697cd18f,2015-07-20-15-22-33-357_1.jpg
2b093a68-d948-4353-a33e-75a374852dea,2015-07-20-15-22-37-886_1.jpg
70120fc0-68d7-42ee-b0f6-4d26f41fd296,2015-07-20-15-25-12-034_1.jpg
d9d5a20e-949b-4fa2-8437-e2dbeb6bc184,2015-07-20-15-25-14-641_1.jpg
0a8a54bd-6baf-4484-ac19-c9e3ac065512,2015-07-20-15-25-14-641_1.jpg
88844cb3-fb97-441f-8ed2-8e1975bfd8ab,2015-07-20-15-29-14-368_1.jpg
3baba626-e9d9-4e82-8dbd-d9ed732134e6,2015-07-20-15-29-57-683_1.jpg
c40bd86a-1a10-4040-8ae3-8dbe37556110,2015-07-20-15-31-51-158_1.jpg
45a61cd3-6915-4e07-828f-9991191d4436,2015-07-20-15-36-47-837_1.jpg
8248cd92-b4ba-4d9f-ba00-c0e152a841dd,2015-07-20-15-37-06-541_1.jpg
fe35ab65-2f06-4731-b7b6-93e75822197c,2015-07-20-15-37-08-952_1.jpg
1190de03-f5da-4bef-babe-3d8d52f264be,2015-07-20-15-37-16-680_1.jpg
a3d7c341-62c2-4565-8d96-cc8136d944b8,2015-07-20-15-38-23-318_1.jpg
13052e26-616c-4d67-8c33-0ec7cc995ba4,2015-07-20-15-39-37-933_1.jpg
2dbe6476-15cf-462c-bceb-4ccf877d135a,2015-07-20-15-39-52-603_1.jpg
d8d56ae6-75b7-4f0b-bfa9-deca1a095f5e,2015-07-20-15-42-35-287_1.jpg
3e15f2d8-295e-4296-a3d8-46e7b000761e,2015-07-20-15-42-37-372_1.jpg
5d404ef2-9dcd-4003-84f9-e6e56113e749,2015-07-20-15-42-43-845_1.jpg
be40e205-40c4-47f3-b3ee-4e5fc325c665,2015-07-20-15-42-45-838_1.jpg
48b54955-ae1c-47ac-a635-35d93c295855,2015-07-20-15-44-05-698_1.jpg
e9c88820-b893-4609-bd21-994c4633f56d,2015-07-20-15-45-18-285_1.jpg
dd9ec146-236b-47b8-971b-6f9a34b99752,2015-07-20-15-49-22-352_1.jpg
d364f7c5-4f49-4a55-a8f7-8c101aed3b18,2015-07-20-15-49-26-501_1.jpg
c5519f26-a10d-46bc-8de0-d6991152e4fa,2015-07-20-15-49-31-055_1.jpg
38dd25ac-85ce-4cdb-9f19-dcbb92dff9c0,2015-07-20-15-51-10-681_1.jpg
21e0de3d-bc9b-4577-8f74-47b3c40b3e0c,2015-07-20-15-51-26-827_1.jpg
76c2ad83-8cff-4ec3-b5c9-b4da8db30a21,2015-07-20-15-51-32-803_1.jpg
7e06d3df-b1bf-4751-a1d8-2bfea45f8f56,2015-07-20-15-51-32-803_1.jpg
939646b3-6b49-46d3-8aee-06edc665d524,2015-07-20-15-53-17-229_1.jpg
08f2c8f3-1f9d-487c-b38d-c1bfb2d3b064,2015-07-20-15-53-22-749_1.jpg
120ce831-fb73-4a10-b542-b28882cc996c,2015-07-20-15-53-31-686_1.jpg
395eeb2f-063b-449a-be72-954aedddf7ab,2015-07-20-15-53-34-455_1.jpg
a3dfe7b8-47b4-47f5-a48d-1a7d95b7f06f,2015-07-20-15-53-39-904_1.jpg
835de0fc-490b-4875-96c9-ba1578c351fc,2015-07-20-15-53-44-956_1.jpg
b2b98678-92bc-4044-9fa6-4630007a3acb,2015-07-20-15-53-47-032_1.jpg
a179a533-3206-45a9-a3bc-e1bb05333169,2015-07-20-15-53-50-400_1.jpg
b5c9c091-8e2e-4114-83c1-90a42d3a4305,2015-07-20-15-55-05-886_1.jpg
fcb5e27c-0bad-4560-b7a1-b74838581d3a,2015-07-20-15-55-22-019_1.jpg
609d0b9c-fc7d-4d90-a875-ff5a42c64fec,2015-07-20-15-55-22-019_1.jpg
8cc5cef2-bace-4f51-8a21-f2b98da37b96,2015-07-20-15-55-25-910_1.jpg
5ef9f0d5-e63c-4006-9a9a-bbf98368fb94,2015-07-20-15-55-34-134_1.jpg
4955fd8a-9242-4116-92a3-b0efc6db5154,2015-07-20-15-55-36-097_1.jpg
4243fac3-1493-4ca5-9b05-00640921f8dc,2015-07-20-15-55-36-097_1.jpg
22865272-9281-41fa-9068-0b6034f762c1,2015-07-20-15-55-44-988_1.jpg
49aeabfb-88c9-4cd3-8ef1-f747ffa15845,2015-07-20-15-55-47-067_1.jpg
3bd04470-9e26-4785-975e-27cb71a221d1,2015-07-20-15-55-49-271_1.jpg
7c4c6688-416e-435a-8be6-134eb2d43167,2015-07-20-15-56-01-253_1.jpg
8c99570d-f8d7-42ba-91bc-9f3277895be6,2015-07-20-16-01-00-522_1.jpg
346b2db8-5831-455c-bb8f-9569da99cbca,2015-07-20-16-01-02-551_1.jpg
c7e11d86-9830-4e35-8206-f75d40593f92,2015-07-20-16-01-12-194_1.jpg
05c685ad-d563-4454-9827-b3462f89a3a8,2015-07-20-16-01-18-914_1.jpg
67778a18-22cb-4a33-ab74-16ef53e6ff31,2015-07-20-16-02-20-806_1.jpg
3a9b6dfc-8184-462a-a241-bd5fb1f8ed93,2015-07-20-16-02-23-082_1.jpg
32847e8e-1276-4271-bf41-1255eabf8ade,2015-07-20-16-02-31-101_1.jpg
ad9ce7c6-b0c8-4d6b-91fa-f82e1b4dd68a,2015-07-20-16-02-35-502_1.jpg
9d52b557-6419-409e-8da2-4e7442bf53d2,2015-07-20-16-04-28-668_1.jpg
339fa9ca-5a83-46a5-afe1-b91d33933f2d,2015-07-20-16-04-56-127_1.jpg
d8a27247-5dcd-4906-bd1e-77720fb45b6b,2015-07-20-16-05-09-312_1.jpg
c1f02926-2bee-4997-bdf8-e98a08afb742,2015-07-20-16-08-28-615_1.jpg
839c1e13-877d-4653-a38b-c1b25f3fa8f5,2015-07-20-16-08-31-999_1.jpg
446ed148-108e-424a-9d06-3412a8502afd,2015-07-20-16-08-31-999_1.jpg
5520de1a-d5bc-4802-808e-ad2e54cc8076,2015-07-20-16-08-55-136_1.jpg
93722e51-e812-4adb-9a6e-f86535d154ab,2015-07-20-16-10-34-819_1.jpg
f3c903d6-620e-41c8-b039-7236d51e4375,2015-07-20-16-12-38-886_1.jpg
25b23c5c-7e9b-4df4-b688-7c7fe9a71c95,2015-07-20-16-12-42-570_1.jpg
4529bbef-8d7c-4598-bd23-4ede6cc76e1a,2015-07-20-16-13-17-379_1.jpg
c04b4024-d4d0-446b-b35b-3e3ab2244799,2015-07-20-16-14-18-808_1.jpg
84f8a13c-8e4e-488d-8922-29611467f301,2015-07-20-16-18-57-244_1.jpg
a2397e37-7a31-49ee-bbcc-2b23a36c4165,2015-07-20-16-19-04-556_1.jpg
17618169-ea89-46be-8c50-d34087d9c03f,2015-07-20-16-19-20-168_1.jpg
5853ea26-e634-44eb-bb87-c149bba6622e,2015-07-20-16-19-25-793_1.jpg
a5e8e9a4-6e86-414f-98af-83446841e864,2015-07-20-16-19-28-372_1.jpg
4731f213-6759-458b-81ad-144912da7d7e,2015-07-20-16-20-11-373_1.jpg
1a11776f-f22f-417e-902f-27373c313a41,2015-07-20-16-20-22-503_1.jpg
23a00c6e-42fb-4e70-95e4-619aeda9cec3,2015-07-20-16-23-01-083_1.jpg
a64c75e7-e23b-4135-bf71-4d07765c669e,2015-07-20-16-23-45-301_1.jpg
f0390b15-90f7-492c-b41e-0b2be42bc4ba,2015-07-20-16-26-03-300_1.jpg
0f65f90b-e991-4f65-b435-55da992ec5c9,2015-07-20-16-28-56-409_1.jpg
e362ac02-c973-49e1-8d48-159e9d955db8,2015-07-20-16-33-03-982_1.jpg
6a516350-3ab6-46a6-8276-80b6fff6ca7f,2015-07-20-16-33-40-155_1.jpg
17d4165f-c347-421c-8def-3497872d79a9,2015-07-20-16-34-10-915_1.jpg
24576c0d-f8fe-4dd1-9e05-b13e5363dbd5,2015-07-20-16-34-18-100_1.jpg
1599ebdd-6183-4015-ac91-cb8b0b32de8e,2015-07-20-16-34-44-258_1.jpg
0e93b593-be07-42c6-b2e3-ed58eb913c86,2015-07-20-16-35-58-900_1.jpg
af1df897-53b3-4391-b131-3fa65cae9f95,2015-07-20-16-35-58-900_1.jpg
80b3569b-fa1d-4634-9a84-d3ff5087ed2c,2015-07-20-16-37-06-143_1.jpg
4a1392c1-6a77-4a6c-85c8-cd8b156e95d3,2015-07-20-16-37-10-545_1.jpg
fbf24963-e240-42c4-9dc6-2b31f70a2446,2015-07-20-16-37-14-648_1.jpg
1e6cf9cd-cf6c-4fe1-94d3-0896ae48c45e,2015-07-20-16-48-17-209_1.jpg
dfe965d9-5252-4956-907a-b3839a8531a9,2015-07-20-17-07-57-395_1.jpg
5fb01cd4-03cc-456f-93ba-aa99f316287c,2015-07-20-17-07-59-880_1.jpg
01efe686-8721-4ce3-9a7b-6a5263b46328,2015-07-20-18-05-23-037_1.jpg
b202caaf-855b-44e4-9207-dff9bdc18114,2015-07-20-18-05-47-855_1.jpg
e34357a7-c680-4b21-9e20-f1f40e2e7c68,2015-07-20-18-07-51-372_1.jpg
a59b12d3-c002-4d75-9835-c4c7791d890a,2015-07-20-18-08-54-210_1.jpg
a5eebaac-3a85-45c7-94e7-5066aea5fecd,2015-07-20-18-08-56-319_1.jpg
c473e137-2e98-4755-a5f1-dd25e3c4d42b,2015-07-20-18-09-27-834_1.jpg
6f8afed2-18f2-497e-97a2-30dc8f7c08ac,2015-07-20-18-09-35-555_1.jpg
232d4138-7063-43ce-8abb-cd45e064d6df,2015-07-20-18-09-39-803_1.jpg
5a8ef8c8-b6cd-4f06-ae36-97d0d676f656,2015-07-20-18-09-39-803_1.jpg
88215d95-70e8-4da9-98e1-3245b6a00051,2015-07-20-18-09-53-902_1.jpg
39fc04b7-290c-4359-b889-a68f6f82bf6e,2015-07-20-18-10-47-598_1.jpg
85574aef-5423-42a1-b679-1594c3e4ba4a,2015-07-20-18-14-35-744_1.jpg
97422a3b-0da8-491f-b286-03dab181f649,2015-07-20-18-15-01-700_1.jpg
b277a012-6972-4ef4-ae89-3359039c92e9,2015-07-20-18-16-42-089_1.jpg
62dfb4e8-6477-40c4-98d9-e0e6eca7f3db,2015-07-20-18-17-40-824_1.jpg
3827b06c-a64c-4a5a-aa05-cb361b7eba69,2015-07-20-18-17-47-978_1.jpg
4978630d-c30d-4e3d-a87f-6991e9649bcb,2015-07-20-18-17-56-821_1.jpg
be84c1d5-1c18-4d71-a375-e70dfe23fc3c,2015-07-20-18-18-48-941_1.jpg
07205b13-9ed1-4c84-9697-20780f6bc339,2015-07-20-18-18-51-325_1.jpg
5846189a-8440-45d3-afa8-568ce92e3554,2015-07-20-18-18-51-325_1.jpg
9befd099-191a-41e9-977a-2f2b7d3d8127,2015-07-20-18-20-28-482_1.jpg
2940a812-c677-49a0-b862-ef39d8fc3b8d,2015-07-20-18-21-38-122_1.jpg
3bcce9bf-93f6-43d2-ab15-23fc13149aa6,2015-07-20-18-22-11-885_1.jpg
59401beb-754a-46e4-b257-2e69ef7557be,2015-07-20-18-22-18-326_1.jpg
794d2ccc-0846-47a3-9e3c-e5668464173b,2015-07-20-18-22-37-636_1.jpg
aff18098-413c-4181-b3cf-2e0f98ee51cd,2015-07-20-18-25-01-856_1.jpg
da6c2a73-78ec-46d6-83b1-c46c015d8c26,2015-07-20-18-25-43-114_1.jpg
92230886-37c0-45bf-8833-ce110449f965,2015-07-20-18-26-27-235_1.jpg
ecf5bc38-0b4b-4d1d-bd80-430f4179aee9,2015-07-20-18-27-09-901_1.jpg
230571e3-cdbe-4150-a694-a7f638195fae,2015-07-20-18-28-00-916_1.jpg
2e4b6fe1-6f8c-4d5e-bac4-7ecd7990951d,2015-07-20-18-28-26-468_1.jpg
de247462-5deb-4623-91dc-c90ad04eeea2,2015-07-20-18-28-53-507_1.jpg
6e2a7440-81ff-4326-8014-ae0b4ed3ac58,2015-07-20-18-29-05-340_1.jpg
fa22270e-370e-4d14-8d3d-7ceabbbb351c,2015-07-20-18-29-16-196_1.jpg
e83155d4-78d1-4a78-9ed7-7ea4e917fef0,2015-07-20-18-29-42-407_1.jpg
17af3cb6-6e90-44d2-b7a8-c73de8135fe5,2015-07-20-18-29-42-407_1.jpg
8cf5d4b6-a0c8-4d96-a843-762cb12b85e8,2015-07-20-18-29-52-221_1.jpg
20310446-1a92-41b5-a47c-23b1dd574287,2015-07-20-18-43-10-392_1.jpg
58b91d38-f717-4c1c-8ff4-dd11ef6ea9b0,2015-07-20-18-43-14-748_1.jpg
664e74ba-bbd5-46e3-93bb-6f0ff380e894,2015-07-20-18-43-17-533_1.jpg
5a362e1d-f3d2-43d4-81e4-9d945e2d2478,2015-07-20-18-43-21-004_1.jpg
caac4347-6330-4b91-9efb-5211ff8de0a3,2015-07-20-18-43-23-722_1.jpg
c54e5fb4-1515-4632-be55-4f06308c107a,2015-07-20-18-43-32-234_1.jpg
1a5d794d-641b-4aad-a058-2dda668d6ef6,2015-07-20-18-43-34-937_1.jpg
8dded672-6642-46df-8549-4c2628ef3a15,2015-07-20-18-43-38-458_1.jpg
d6e60763-e0ec-48fe-8e08-2df86aaaef88,2015-07-20-18-43-42-512_1.jpg
f4ccaac7-de50-4125-aa73-49ce5480e987,2015-07-20-18-43-45-295_1.jpg
80568c90-f11c-42ac-b5cd-7f83f15f713f,2015-07-20-18-43-50-687_1.jpg
44c6a6b8-5942-454a-a59e-31520770100d,2015-07-20-18-43-54-350_1.jpg
d9b299d7-63bc-447a-8503-090f482411e9,2015-07-20-18-43-58-556_1.jpg
69a7342f-6b81-45f1-9013-9ba884386846,2015-07-20-18-44-01-273_1.jpg
a3d108d3-b430-40e2-96b3-6673e278eaa6,2015-07-20-18-44-04-562_1.jpg
5b0d76bc-70fe-4e3c-a5b2-6d724c1c9f18,2015-07-20-18-44-09-617_1.jpg
323f5cf4-1ea3-4a41-ab7c-c373db989853,2015-07-20-18-44-12-738_1.jpg
e9430c27-5936-4b97-98dd-ed028cc15628,2015-07-20-18-44-18-724_1.jpg
4acb6ecc-7495-4393-baff-49cf0f28a53b,2015-07-20-18-44-21-775_1.jpg
b2d84fab-8ce7-4ba4-b1a2-246d34085817,2015-07-20-18-44-35-976_1.jpg
b2bcec24-99b3-4be6-8def-4a4730d8218a,2015-07-20-18-44-42-348_1.jpg
218ff6a0-2850-48d9-bd59-a2a844b2d851,2015-07-20-18-46-13-541_1.jpg
a5843306-4f74-4376-baaf-ea49fc207452,2015-07-20-18-47-36-930_1.jpg
35ed4130-bfcf-4096-9c14-18693aafeb12,2015-07-20-18-47-39-510_1.jpg
08b0fd76-246e-435c-a9e5-50be9f2c9515,2015-07-20-18-47-41-814_1.jpg
ee5d1c39-05bd-4c74-bf51-d71e3101df92,2015-07-20-18-47-43-806_1.jpg
6087a870-702e-414b-86e0-a3311d010504,2015-07-20-18-47-47-014_1.jpg
a7ac4fa2-5847-4e41-9694-42e930eb5864,2015-07-20-18-48-12-413_1.jpg
650cc045-6335-4eef-ab7c-b04f95401fa2,2015-07-20-18-48-52-329_1.jpg
76ffbc92-bfd9-488a-a344-a27a139e7c80,2015-07-20-18-48-55-169_1.jpg
74517868-09e8-4213-b33b-b5e8b6339b76,2015-07-20-18-50-16-789_1.jpg
4347e634-663e-403a-8616-e83f2f474ec2,2015-07-20-18-50-19-109_1.jpg
d7a54e4a-b89e-44a7-8615-2629c0a909f6,2015-07-20-18-50-27-238_1.jpg
447e2371-661d-41d9-8a5a-043bd8e374c0,2015-07-20-18-50-29-282_1.jpg
f7b8449b-1b7c-4b3e-8ba4-53a6460855c0,2015-07-20-18-50-31-562_1.jpg
69d2ee30-f6a7-41f1-8d12-f6e832703a1d,2015-07-20-18-50-36-237_1.jpg
e499914c-7592-48e4-ba21-572c752236b2,2015-07-20-18-50-38-948_1.jpg
f8546f14-407f-4411-901f-c4dde74bfcec,2015-07-20-18-51-05-578_1.jpg
aa3b884f-54ee-47a8-ba0b-2068483cc0f7,2015-07-20-18-52-53-248_1.jpg
19e219b2-f6ac-4019-b197-37248cdb3f7a,2015-07-20-18-53-37-007_1.jpg
8ac21321-4125-4ce5-8143-06c8fe9f5228,2015-07-20-18-54-39-608_1.jpg
4a4bb1f6-1864-4480-82c8-1f627d80bfdb,2015-07-20-18-54-42-963_1.jpg
c38928e3-3493-4e24-83ce-6ecc1e0db1a2,2015-07-20-18-57-21-112_1.jpg
3d682f7b-40d6-4a1c-9872-56153e3e7a36,2015-07-20-18-57-21-112_1.jpg
bbdb94a2-b1ef-4e4f-b849-ab49b6eeef1e,2015-07-20-18-57-24-907_1.jpg
32b0a17b-32d1-4646-ae4f-c7d5b52979e0,2015-07-20-18-57-24-907_1.jpg
de45b032-912e-4ac0-b456-172d8491156e,2015-07-20-18-57-24-907_1.jpg
15d74985-b21c-4870-b307-6593fc483268,2015-07-20-18-57-24-907_1.jpg
bd78b6a9-4fae-4634-bd41-b2685fb3cbd6,2015-07-20-18-57-30-548_1.jpg
f09c5543-905e-49d4-9917-ca8ffba1cbdb,2015-07-20-18-57-30-548_1.jpg
eca8296b-3d20-48e4-ba72-e19efc258e2a,2015-07-20-18-57-30-548_1.jpg
5e6f4953-8b2e-40ec-8fa7-def7dce34c65,2015-07-20-18-57-30-548_1.jpg
448bca14-7282-4787-b7d0-68f77ff42adb,2015-07-20-18-57-33-601_1.jpg
880a137c-700f-45a3-b6f3-a8af4c398eb6,2015-07-20-18-57-33-601_1.jpg
0783270c-4776-4cfe-b3cc-4c34c8387218,2015-07-20-18-57-33-601_1.jpg
e31fcabc-2e72-49a0-a1e5-6999cfa62ec8,2015-07-20-18-57-37-599_1.jpg
91f4a7b5-ba33-47f8-8f0e-38cc87782e33,2015-07-20-18-59-07-774_1.jpg
c048a7f8-d5c5-4878-9e87-efe3f1dd4d65,2015-07-20-18-59-11-249_1.jpg
c0bf0626-2b84-4b83-9cdc-27c0555d5100,2015-07-20-18-59-13-229_1.jpg
